{
    "heart_minutes": [
      {
        "value": 1,
        "startTimeMillis": "1710684017738",
        "endTimeMillis": "1710770417738",
        "startTime": "17 Mar 2024 02:00 pm",
        "endTime": "18 Mar 2024 02:00 pm"
      },
      {
        "value": 4,
        "startTimeMillis": "1710856817738",
        "endTimeMillis": "1710943217738",
        "startTime": "19 Mar 2024 02:00 pm",
        "endTime": "20 Mar 2024 02:00 pm"
      },
      {
        "value": 1,
        "startTimeMillis": "1710943217738",
        "endTimeMillis": "1711029617738",
        "startTime": "20 Mar 2024 02:00 pm",
        "endTime": "21 Mar 2024 02:00 pm"
      },
      {
        "value": 2,
        "startTimeMillis": "1711029617738",
        "endTimeMillis": "1711116017738",
        "startTime": "21 Mar 2024 02:00 pm",
        "endTime": "22 Mar 2024 02:00 pm"
      }
    ]
  }